{
"apiVersion": "V2",
"assemblies": [
{
  "files": [
    {
      "filePath": "data_summary.tsv",
      "fileType": "DATA_TABLE"
    },
    {
      "filePath": "assembly_data_report.jsonl",
      "fileType": "DATA_REPORT"
    }
  ]
},{
  "accession": "GCA_000006945.2",
  "files": [
    {
      "filePath": "GCA_000006945.2/GCA_000006945.2_ASM694v2_genomic.fna",
      "fileType": "GENOMIC_NUCLEOTIDE_FASTA"
    },
    {
      "filePath": "GCA_000006945.2/genomic.gff",
      "fileType": "GFF3"
    }
  ]
},{
  "accession": "GCF_000006945.2",
  "files": [
    {
      "filePath": "GCF_000006945.2/GCF_000006945.2_ASM694v2_genomic.fna",
      "fileType": "GENOMIC_NUCLEOTIDE_FASTA"
    },
    {
      "filePath": "GCF_000006945.2/genomic.gff",
      "fileType": "GFF3"
    }
  ]
}]}
